{"schemaVersion":"1.0","appDefinitionTemplate":{"id":"/providers/Microsoft.PowerApps/apps/","type":"Microsoft.PowerApps/apps","tags":{"primaryDeviceWidth":"1200","primaryDeviceHeight":"1200","supportsPortrait":"true","supportsLandscape":"true","primaryFormFactor":"Web","publisherVersion":"3.23042.12","minimumRequiredApiVersion":"2.2.0","hasComponent":"false","hasUnlockedComponent":"false","isUnifiedRootApp":"false","sienaVersion":"20230419T155910Z-3.23042.12.0"},"properties":{"appVersion":"2023-04-19T15:59:10Z","lifeCycleId":"Published","createdByClientVersion":{"major":3,"minor":23042,"build":12,"revision":0,"majorRevision":0,"minorRevision":0},"minClientVersion":{"major":3,"minor":23042,"build":12,"revision":0,"majorRevision":0,"minorRevision":0},"backgroundColor":"RGBA(0,176,240,1)","backgroundImageUri":"/193661220062331170/N1dbca3b7-4de3-416e-872a-6f9ddb0658af-logoSmallFile","displayName":"05d91416-36ad-4a71-ba96-db18547d50d2 forms","description":"Quarterly reporting tool for Solutions Fund Projects.","commitMessage":"","appUris":{"documentUri":{"value":"/193661220062331170/N8ebb965d-a969-45a8-b043-a51fada6f6d1-document.msapp"},"imageUris":[],"additionalUris":[]},"createdTime":"0001-01-01T00:00:00Z","lastModifiedTime":"0001-01-01T00:00:00Z","sharedGroupsCount":0,"sharedUsersCount":0,"connectionReferences":{"01d5c064-dff4-489b-b902-a1a589ea05fe":{"id":"44f18d5c-4da6-4aab-b2d7-6d1e3bfb0302","displayName":"SharePoint","iconUri":"https://connectoricons-prod.azureedge.net/releases/v1.0.1627/1.0.1627.3238/sharepointonline/icon.png","dataSources":["Reporting Tool","Solutions Fund Projects","Financials for Reporting (automated)"],"dependencies":[],"dependents":[],"parameterHints":{},"parameterHintsV2":{},"isOnPremiseConnection":false,"bypassConsent":true,"dataSets":{"https://022gc.sharepoint.com/sites/ManagementandOversight-InvestmentPlanningHCSolutionsFund-SCF":{"dataSources":{"Reporting Tool":{"tableName":"05d91416-36ad-4a71-ba96-db18547d50d2"},"Solutions Fund Projects":{"tableName":"41ceca2b-35e3-4743-bf7a-acfbb18b680d"},"Financials for Reporting (automated)":{"tableName":"8df6d5ad-a9ef-4db2-971d-12529a98a5e0"}}}},"apiTier":"Standard","isCustomApiConnection":false,"actions":["providers/PowerPlatform.Governance/Operations/Read"]}},"databaseReferences":{},"embeddedApp":{"siteId":"https://022gc.sharepoint.com/sites/ManagementandOversight-InvestmentPlanningHCSolutionsFund-SCF","listId":"05d91416-36ad-4a71-ba96-db18547d50d2","listUrl":"https://022gc.sharepoint.com/sites/ManagementandOversight-InvestmentPlanningHCSolutionsFund-SCF/Lists/Reporting Tool/AllItems.aspx","type":"SharepointFormApp","screenWidth":1200,"screenHeight":1200},"almMode":"Environment","performanceOptimizationEnabled":true,"canConsumeAppPass":true,"enableModernRuntimeMode":false,"executionRestrictions":{"isTeamsOnly":false,"dataLossPreventionEvaluationResult":{"status":"Compliant","lastEvaluationDate":"2023-03-16T18:58:34.1969315Z","violations":[],"violationsByPolicy":[],"violationErrorMessage":"The app uses the following connectors: shared_sharepointonline."}}},"appType":"ClassicCanvasApp","appComponents":[]}}